{
  "serviceDirectory": "src/server/services",
  "eventsDirectory": "src/server/events",
  "indentString": "\t",
  "namespace": "MySpace",
  "outDir": "sdk",
  "sdkPackage": {},
  "sdkTsConfig": {
    "compilerOptions": {
      "module": "commonjs",
      "sourceMap": false,
      "declaration": true,
      "watch": false,
      "noEmitOnError": false,
      "emitDecoratorMetadata": true,
      "experimentalDecorators": true,
      "target": "ES2020",
      "lib": [
        "ES2020"
      ],
      "types": [
        "node"
      ]
    }
  }
}
